{
	"max_particles" : 1000,
	"particle_direction" : 
	{
		"x" : 0.0,
		"y" : -1.0,
		"z" : 0.0
	},
	"particle_scale" : 
	{
		"height" : 0.075000002980232239,
		"width" : 0.0099999997764825821
	},
	"particle_speed" : 6.5999999046325684,
	"particles_per_spawn" : 10,
	"spawn_radius" : 30.5,
	"time_between_spawn" : 0.25
}